-- 카테고리 테이블 초기데이터
INSERT INTO BOOK_CATEGORY (id, name, prefix) VALUES
  ('C001', '사회', 'SH'),
  ('C002', '과학', 'GH'),
  ('C003', '종교', 'JK'),
  ('C004', '예술', 'YS'),
  ('C005', '역사', 'US'),
  ('C006', '소설', 'SS');

-- 책 테이블 초기데이터
INSERT INTO BOOK (id, isbn, name, author, rental_fee, category_id) VALUES
    ('GH_B001', '978-3-16-148410-0', '토비의 스프링', '이일민', 1000, 'C002'),
    ('SH_B002', '454-3-16-148410-0', '힘내라 사장', '이이민', 1500, 'C001'),
    ('GH_B003', '145-3-16-148410-0', '리눅스 마스터', '이삼민', 1500, 'C002'),
    ('GH_B004', '787-3-16-148410-0', 'SQL 전문가', '이사민', 1000, 'C002'),
    ('GH_B005', '225-3-16-148410-0', '이기적 유전자', '이오민', 2000, 'C002'),
    ('SS_B006', '151-3-16-148410-0', '수상록', '이육민', 3000, 'C006'),
    ('SS_B007', '441-3-16-148410-0', '패스트', '이칠민', 2000, 'C006'),
    ('GH_B008', '798-3-16-148410-0', '인사이트 자바스크립트', '이일민', 1000, 'C002'),
    ('SS_B009', '167-3-16-148410-0', '마지막 패리시 부인', '이팔민', 2000, 'C006'),
    ('GH_B010', '152-3-16-148410-0', '오라클 성능 고도화', '이구민', 2500, 'C002');

-- 도서관 테이블 초기데이터
INSERT INTO LIBRARY (id, name, region) VALUES
    ('L001', '마포평생학습관', '마포구'),
    ('L002', '삼성도서관', '강남구'),
    ('L003', '연남도서관', '마포구'),
    ('L004', '관악학습관', '관악구');

-- 도서보유현황 초기데이터
INSERT INTO BOOK_LIBRARY_STATUS (library_id, book_id, remain_count, total_count) VALUES
    ('L001', 'SH_B002', 10, 10),
    ('L001', 'GH_B003', 20, 20),
    ('L001', 'SS_B006', 20, 20),
    ('L001', 'SS_B009', 10, 10),

    ('L002', 'GH_B001', 10, 10),
    ('L002', 'GH_B005', 10, 10),
    ('L002', 'SS_B007', 20, 20),
    ('L002', 'SS_B009', 10, 10),
    ('L002', 'GH_B010', 10, 10),

    ('L003', 'GH_B003', 10, 10),
    ('L003', 'GH_B005', 10, 10),
    ('L003', 'GH_B010', 10, 10),

    ('L004', 'GH_B001', 50, 50),
    ('L004', 'SH_B002', 30, 30),
    ('L004', 'GH_B003', 50, 50),
    ('L004', 'GH_B004', 50, 50),
    ('L004', 'GH_B005', 50, 50),
    ('L004', 'SS_B006', 70, 70),
    ('L004', 'SS_B007', 10, 10),
    ('L004', 'GH_B008', 10, 10),
    ('L004', 'SS_B009', 20, 20),
    ('L004', 'GH_B010', 40, 40);

